use DNI123;

delete from Habilidades;
delete from Personas;
delete from Puestos;
delete from Conocimientos;
delete from Categorias;
delete from Niveles;

INSERT INTO `Categorias` (`IdCategoria`, `Categoria`) VALUES ('1', 'IDIOMA');
INSERT INTO `Categorias` (`IdCategoria`, `Categoria`) VALUES ('2', 'NET');
INSERT INTO `Categorias` (`IdCategoria`, `Categoria`) VALUES ('3', 'JAVA');
INSERT INTO `Categorias` (`IdCategoria`, `Categoria`) VALUES ('4', 'SO');
INSERT INTO `Categorias` (`IdCategoria`, `Categoria`) VALUES ('5', 'REDES');

INSERT INTO `Conocimientos` (`IdConocimiento`, `IdCategoria`, `Conocimiento`) VALUES ('1', '1', 'INGLES ORAL');
INSERT INTO `Conocimientos` (`IdConocimiento`, `IdCategoria`, `Conocimiento`) VALUES ('2', '1', 'INGLES ESCRITO');
INSERT INTO `Conocimientos` (`IdConocimiento`, `IdCategoria`, `Conocimiento`) VALUES ('3', '1', 'FRANCES ORAL');
INSERT INTO `Conocimientos` (`IdConocimiento`, `IdCategoria`, `Conocimiento`) VALUES ('4', '1', 'FRANCES ESCRITO');
INSERT INTO `Conocimientos` (`IdConocimiento`, `IdCategoria`, `Conocimiento`) VALUES ('5', '2', 'MVC');
INSERT INTO `Conocimientos` (`IdConocimiento`, `IdCategoria`, `Conocimiento`) VALUES ('6', '2', 'ASP.NET');
INSERT INTO `Conocimientos` (`IdConocimiento`, `IdCategoria`, `Conocimiento`) VALUES ('7', '2', 'VB.NET');
INSERT INTO `Conocimientos` (`IdConocimiento`, `IdCategoria`, `Conocimiento`) VALUES ('8', '2', 'C#.NET');
INSERT INTO `Conocimientos` (`IdConocimiento`, `IdCategoria`, `Conocimiento`) VALUES ('9', '3', 'J2SE ');
INSERT INTO `Conocimientos` (`IdConocimiento`, `IdCategoria`, `Conocimiento`) VALUES ('10', '3', 'Escritorio');
INSERT INTO `Conocimientos` (`IdConocimiento`, `IdCategoria`, `Conocimiento`) VALUES ('11', '3', 'WEB');
INSERT INTO `Conocimientos` (`IdConocimiento`, `IdCategoria`, `Conocimiento`) VALUES ('12', '3', 'Servicios');
INSERT INTO `Conocimientos` (`IdConocimiento`, `IdCategoria`, `Conocimiento`) VALUES ('13', '4', 'W Server 2000');
INSERT INTO `Conocimientos` (`IdConocimiento`, `IdCategoria`, `Conocimiento`) VALUES ('14', '4', 'W Server 2003');
INSERT INTO `Conocimientos` (`IdConocimiento`, `IdCategoria`, `Conocimiento`) VALUES ('15', '4', 'W Server 2008');
INSERT INTO `Conocimientos` (`IdConocimiento`, `IdCategoria`, `Conocimiento`) VALUES ('16', '4', 'Ubuntu');
INSERT INTO `Conocimientos` (`IdConocimiento`, `IdCategoria`, `Conocimiento`) VALUES ('17', '4', 'Unix');
INSERT INTO `Conocimientos` (`IdConocimiento`, `IdCategoria`, `Conocimiento`) VALUES ('18', '4', 'DOS');
INSERT INTO `Conocimientos` (`IdConocimiento`, `IdCategoria`, `Conocimiento`) VALUES ('19', '5', 'Virtualizacion');
INSERT INTO `Conocimientos` (`IdConocimiento`, `IdCategoria`, `Conocimiento`) VALUES ('20', '5', 'LAN');
INSERT INTO `Conocimientos` (`IdConocimiento`, `IdCategoria`, `Conocimiento`) VALUES ('21', '5', 'WAN');

INSERT INTO `Niveles` (`IdNivel`, `Nivel`) VALUES ('1', 'Nulo');
INSERT INTO `Niveles` (`IdNivel`, `Nivel`) VALUES ('2', 'Básico');
INSERT INTO `Niveles` (`IdNivel`, `Nivel`) VALUES ('3', 'Intermedio');
INSERT INTO `Niveles` (`IdNivel`, `Nivel`) VALUES ('4', 'Avanzado');
INSERT INTO `Niveles` (`IdNivel`, `Nivel`) VALUES ('5', 'Experto');

INSERT INTO `Puestos` (`IdPuesto`, `Puesto`) VALUES ('1', 'Programador');
INSERT INTO `Puestos` (`IdPuesto`, `Puesto`) VALUES ('2', 'Analista');
INSERT INTO `Puestos` (`IdPuesto`, `Puesto`) VALUES ('3', 'Líder');

INSERT INTO `Personas` (`IdPersona`, `IdPuesto`, `Nombres`, `Apellidos`, `FechaIngreso`, `FechaBaja`) VALUES ('1', '1', 'Juan', 'Romano', '2009/08/08', null);
INSERT INTO `Personas` (`IdPersona`, `IdPuesto`, `Nombres`, `Apellidos`, `FechaIngreso`, `FechaBaja`) VALUES ('2', '1', 'Pablo', 'García', '2014/01/01', null);
INSERT INTO `Personas` (`IdPersona`, `IdPuesto`, `Nombres`, `Apellidos`, `FechaIngreso`, `FechaBaja`) VALUES ('3', '1', 'Miguel', 'Godoy', '2014/01/01', null);
INSERT INTO `Personas` (`IdPersona`, `IdPuesto`, `Nombres`, `Apellidos`, `FechaIngreso`, `FechaBaja`) VALUES ('4', '1', 'Luis', 'Rolandi', '2014/01/01', null);
INSERT INTO `Personas` (`IdPersona`, `IdPuesto`, `Nombres`, `Apellidos`, `FechaIngreso`, `FechaBaja`) VALUES ('5', '1', 'Maximiliano', 'Villafañez', '2013/10/01', '2014/11/01');
INSERT INTO `Personas` (`IdPersona`, `IdPuesto`, `Nombres`, `Apellidos`, `FechaIngreso`, `FechaBaja`) VALUES ('6', '1', 'Alejandro', 'Boixados', '2013/10/01', '2014/10/10');
INSERT INTO `Personas` (`IdPersona`, `IdPuesto`, `Nombres`, `Apellidos`, `FechaIngreso`, `FechaBaja`) VALUES ('7', '1', 'Cecilia', 'López', '2009/08/08', null);
INSERT INTO `Personas` (`IdPersona`, `IdPuesto`, `Nombres`, `Apellidos`, `FechaIngreso`, `FechaBaja`) VALUES ('8', '1', 'Alba', 'Gómez', '2013/10/01', '2014/11/01');
INSERT INTO `Personas` (`IdPersona`, `IdPuesto`, `Nombres`, `Apellidos`, `FechaIngreso`, `FechaBaja`) VALUES ('9', '1', 'Soledad', 'Alderete', '2009/08/08', null);
INSERT INTO `Personas` (`IdPersona`, `IdPuesto`, `Nombres`, `Apellidos`, `FechaIngreso`, `FechaBaja`) VALUES ('10', '1', 'Alfredo', 'López', '2009/08/08', null);
INSERT INTO `Personas` (`IdPersona`, `IdPuesto`, `Nombres`, `Apellidos`, `FechaIngreso`, `FechaBaja`) VALUES ('11', '1', 'Romina', 'Torrez', '2009/08/08', null);
INSERT INTO `Personas` (`IdPersona`, `IdPuesto`, `Nombres`, `Apellidos`, `FechaIngreso`, `FechaBaja`) VALUES ('12', '1', 'Juan', 'Giobellina', '2009/08/08', '2014/10/10');
INSERT INTO `Personas` (`IdPersona`, `IdPuesto`, `Nombres`, `Apellidos`, `FechaIngreso`, `FechaBaja`) VALUES ('13', '2', 'Sebastián', 'Gómez', '2009/08/08', null);
INSERT INTO `Personas` (`IdPersona`, `IdPuesto`, `Nombres`, `Apellidos`, `FechaIngreso`, `FechaBaja`) VALUES ('14', '2', 'Martín', 'Gonzáles', '2009/08/08', null);
INSERT INTO `Personas` (`IdPersona`, `IdPuesto`, `Nombres`, `Apellidos`, `FechaIngreso`, `FechaBaja`) VALUES ('15', '2', 'María Laura', 'Torres', '2009/08/08', null);
INSERT INTO `Personas` (`IdPersona`, `IdPuesto`, `Nombres`, `Apellidos`, `FechaIngreso`, `FechaBaja`) VALUES ('16', '2', 'Jorge', 'Ibañez', '2009/08/08', null);
INSERT INTO `Personas` (`IdPersona`, `IdPuesto`, `Nombres`, `Apellidos`, `FechaIngreso`, `FechaBaja`) VALUES ('17', '2', 'Ariel', 'Ceballos', '2009/08/08', '2014/10/10');
INSERT INTO `Personas` (`IdPersona`, `IdPuesto`, `Nombres`, `Apellidos`, `FechaIngreso`, `FechaBaja`) VALUES ('18', '3', 'Alfredo', 'Alcorta', '2012/10/01', null);
INSERT INTO `Personas` (`IdPersona`, `IdPuesto`, `Nombres`, `Apellidos`, `FechaIngreso`, `FechaBaja`) VALUES ('19', '3', 'Miguel', 'Algañarás', '2012/10/01', null);
INSERT INTO `Personas` (`IdPersona`, `IdPuesto`, `Nombres`, `Apellidos`, `FechaIngreso`, `FechaBaja`) VALUES ('20', '3', 'Antonio', 'Martínez', '2012/10/01', null);

INSERT INTO `Habilidades` (`IdHabilidad`, `IdPersona`, `IdConocimiento`, `IdCategoria`, `IdNivel`, `FechaUltimaModificacion`) VALUES ('1', '1', '1', '1', '1', '2014/11/03');
INSERT INTO `Habilidades` (`IdHabilidad`, `IdPersona`, `IdConocimiento`, `IdCategoria`, `IdNivel`, `FechaUltimaModificacion`) VALUES ('2', '1', '2', '1', '1', '2014/11/03');
INSERT INTO `Habilidades` (`IdHabilidad`, `IdPersona`, `IdConocimiento`, `IdCategoria`, `IdNivel`, `FechaUltimaModificacion`) VALUES ('3', '1', '3', '1', '1', '2014/11/03');
INSERT INTO `Habilidades` (`IdHabilidad`, `IdPersona`, `IdConocimiento`, `IdCategoria`, `IdNivel`, `FechaUltimaModificacion`) VALUES ('4', '1', '4', '1', '1', '2014/11/03');
INSERT INTO `Habilidades` (`IdHabilidad`, `IdPersona`, `IdConocimiento`, `IdCategoria`, `IdNivel`, `FechaUltimaModificacion`) VALUES ('5', '1', '5', '2', '1', '2014/10/01');
INSERT INTO `Habilidades` (`IdHabilidad`, `IdPersona`, `IdConocimiento`, `IdCategoria`, `IdNivel`, `FechaUltimaModificacion`) VALUES ('6', '1', '6', '2', '2', '2014/10/01');
INSERT INTO `Habilidades` (`IdHabilidad`, `IdPersona`, `IdConocimiento`, `IdCategoria`, `IdNivel`, `FechaUltimaModificacion`) VALUES ('7', '1', '7', '2', '2', '2013/08/12');
INSERT INTO `Habilidades` (`IdHabilidad`, `IdPersona`, `IdConocimiento`, `IdCategoria`, `IdNivel`, `FechaUltimaModificacion`) VALUES ('8', '1', '8', '2', '2', '2013/08/12');
INSERT INTO `Habilidades` (`IdHabilidad`, `IdPersona`, `IdConocimiento`, `IdCategoria`, `IdNivel`, `FechaUltimaModificacion`) VALUES ('9', '1', '9', '3', '2', '2013/08/12');
INSERT INTO `Habilidades` (`IdHabilidad`, `IdPersona`, `IdConocimiento`, `IdCategoria`, `IdNivel`, `FechaUltimaModificacion`) VALUES ('10', '2', '1', '1', '3', '2014/10/01');
INSERT INTO `Habilidades` (`IdHabilidad`, `IdPersona`, `IdConocimiento`, `IdCategoria`, `IdNivel`, `FechaUltimaModificacion`) VALUES ('11', '2', '2', '1', '3', '2013/08/12');
INSERT INTO `Habilidades` (`IdHabilidad`, `IdPersona`, `IdConocimiento`, `IdCategoria`, `IdNivel`, `FechaUltimaModificacion`) VALUES ('12', '3', '1', '1', '3', '2014/10/01');
INSERT INTO `Habilidades` (`IdHabilidad`, `IdPersona`, `IdConocimiento`, `IdCategoria`, `IdNivel`, `FechaUltimaModificacion`) VALUES ('13', '3', '2', '1', '4', '2013/08/12');
INSERT INTO `Habilidades` (`IdHabilidad`, `IdPersona`, `IdConocimiento`, `IdCategoria`, `IdNivel`, `FechaUltimaModificacion`) VALUES ('14', '4', '1', '1', '4', '2014/04/04');
INSERT INTO `Habilidades` (`IdHabilidad`, `IdPersona`, `IdConocimiento`, `IdCategoria`, `IdNivel`, `FechaUltimaModificacion`) VALUES ('15', '4', '2', '1', '4', '2014/04/04');
INSERT INTO `Habilidades` (`IdHabilidad`, `IdPersona`, `IdConocimiento`, `IdCategoria`, `IdNivel`, `FechaUltimaModificacion`) VALUES ('16', '4', '3', '1', '5', '2014/10/01');
INSERT INTO `Habilidades` (`IdHabilidad`, `IdPersona`, `IdConocimiento`, `IdCategoria`, `IdNivel`, `FechaUltimaModificacion`) VALUES ('17', '5', '1', '1', '5', '2014/04/04');
INSERT INTO `Habilidades` (`IdHabilidad`, `IdPersona`, `IdConocimiento`, `IdCategoria`, `IdNivel`, `FechaUltimaModificacion`) VALUES ('18', '5', '2', '1', '4', '2014/10/01');
INSERT INTO `Habilidades` (`IdHabilidad`, `IdPersona`, `IdConocimiento`, `IdCategoria`, `IdNivel`, `FechaUltimaModificacion`) VALUES ('19', '6', '1', '1', '3', '2014/04/04');
INSERT INTO `Habilidades` (`IdHabilidad`, `IdPersona`, `IdConocimiento`, `IdCategoria`, `IdNivel`, `FechaUltimaModificacion`) VALUES ('20', '6', '2', '1', '3', '2014/10/01');
INSERT INTO `Habilidades` (`IdHabilidad`, `IdPersona`, `IdConocimiento`, `IdCategoria`, `IdNivel`, `FechaUltimaModificacion`) VALUES ('21', '7', '1', '1', '2', '2014/04/04');
INSERT INTO `Habilidades` (`IdHabilidad`, `IdPersona`, `IdConocimiento`, `IdCategoria`, `IdNivel`, `FechaUltimaModificacion`) VALUES ('22', '7', '2', '1', '3', '2014/10/01');
INSERT INTO `Habilidades` (`IdHabilidad`, `IdPersona`, `IdConocimiento`, `IdCategoria`, `IdNivel`, `FechaUltimaModificacion`) VALUES ('23', '8', '1', '1', '4', '2014/10/01');
INSERT INTO `Habilidades` (`IdHabilidad`, `IdPersona`, `IdConocimiento`, `IdCategoria`, `IdNivel`, `FechaUltimaModificacion`) VALUES ('24', '9', '2', '1', '5', '2014/04/04');
INSERT INTO `Habilidades` (`IdHabilidad`, `IdPersona`, `IdConocimiento`, `IdCategoria`, `IdNivel`, `FechaUltimaModificacion`) VALUES ('25', '10', '1', '1', '3', '2014/04/04');
INSERT INTO `Habilidades` (`IdHabilidad`, `IdPersona`, `IdConocimiento`, `IdCategoria`, `IdNivel`, `FechaUltimaModificacion`) VALUES ('26', '10', '2', '1', '3', '2014/10/01');
INSERT INTO `Habilidades` (`IdHabilidad`, `IdPersona`, `IdConocimiento`, `IdCategoria`, `IdNivel`, `FechaUltimaModificacion`) VALUES ('27', '10', '3', '1', '3', '2014/10/01');
INSERT INTO `Habilidades` (`IdHabilidad`, `IdPersona`, `IdConocimiento`, `IdCategoria`, `IdNivel`, `FechaUltimaModificacion`) VALUES ('28', '10', '4', '1', '4', '2014/11/03');
INSERT INTO `Habilidades` (`IdHabilidad`, `IdPersona`, `IdConocimiento`, `IdCategoria`, `IdNivel`, `FechaUltimaModificacion`) VALUES ('29', '10', '5', '2', '5', '2014/11/03');
INSERT INTO `Habilidades` (`IdHabilidad`, `IdPersona`, `IdConocimiento`, `IdCategoria`, `IdNivel`, `FechaUltimaModificacion`) VALUES ('30', '10', '6', '2', '3', '2014/11/03');
INSERT INTO `Habilidades` (`IdHabilidad`, `IdPersona`, `IdConocimiento`, `IdCategoria`, `IdNivel`, `FechaUltimaModificacion`) VALUES ('31', '10', '7', '2', '1', '2014/11/03');
INSERT INTO `Habilidades` (`IdHabilidad`, `IdPersona`, `IdConocimiento`, `IdCategoria`, `IdNivel`, `FechaUltimaModificacion`) VALUES ('32', '10', '8', '2', '1', '2014/11/03');
INSERT INTO `Habilidades` (`IdHabilidad`, `IdPersona`, `IdConocimiento`, `IdCategoria`, `IdNivel`, `FechaUltimaModificacion`) VALUES ('33', '10', '9', '3', '1', '2014/10/01');
INSERT INTO `Habilidades` (`IdHabilidad`, `IdPersona`, `IdConocimiento`, `IdCategoria`, `IdNivel`, `FechaUltimaModificacion`) VALUES ('34', '10', '10', '3', '2', '2014/10/01');
INSERT INTO `Habilidades` (`IdHabilidad`, `IdPersona`, `IdConocimiento`, `IdCategoria`, `IdNivel`, `FechaUltimaModificacion`) VALUES ('35', '10', '11', '3', '2', '2013/08/12');
INSERT INTO `Habilidades` (`IdHabilidad`, `IdPersona`, `IdConocimiento`, `IdCategoria`, `IdNivel`, `FechaUltimaModificacion`) VALUES ('36', '11', '1', '1', '2', '2013/08/12');
INSERT INTO `Habilidades` (`IdHabilidad`, `IdPersona`, `IdConocimiento`, `IdCategoria`, `IdNivel`, `FechaUltimaModificacion`) VALUES ('37', '11', '2', '1', '3', '2014/10/01');
INSERT INTO `Habilidades` (`IdHabilidad`, `IdPersona`, `IdConocimiento`, `IdCategoria`, `IdNivel`, `FechaUltimaModificacion`) VALUES ('38', '11', '3', '1', '3', '2013/08/12');
INSERT INTO `Habilidades` (`IdHabilidad`, `IdPersona`, `IdConocimiento`, `IdCategoria`, `IdNivel`, `FechaUltimaModificacion`) VALUES ('39', '11', '4', '1', '3', '2014/10/01');
INSERT INTO `Habilidades` (`IdHabilidad`, `IdPersona`, `IdConocimiento`, `IdCategoria`, `IdNivel`, `FechaUltimaModificacion`) VALUES ('40', '11', '5', '2', '4', '2013/08/12');
INSERT INTO `Habilidades` (`IdHabilidad`, `IdPersona`, `IdConocimiento`, `IdCategoria`, `IdNivel`, `FechaUltimaModificacion`) VALUES ('41', '11', '6', '2', '4', '2014/04/04');
INSERT INTO `Habilidades` (`IdHabilidad`, `IdPersona`, `IdConocimiento`, `IdCategoria`, `IdNivel`, `FechaUltimaModificacion`) VALUES ('42', '11', '7', '2', '5', '2014/10/01');
INSERT INTO `Habilidades` (`IdHabilidad`, `IdPersona`, `IdConocimiento`, `IdCategoria`, `IdNivel`, `FechaUltimaModificacion`) VALUES ('43', '11', '8', '2', '5', '2014/04/04');
INSERT INTO `Habilidades` (`IdHabilidad`, `IdPersona`, `IdConocimiento`, `IdCategoria`, `IdNivel`, `FechaUltimaModificacion`) VALUES ('44', '11', '9', '3', '4', '2014/10/01');
INSERT INTO `Habilidades` (`IdHabilidad`, `IdPersona`, `IdConocimiento`, `IdCategoria`, `IdNivel`, `FechaUltimaModificacion`) VALUES ('45', '11', '10', '3', '3', '2014/04/04');
INSERT INTO `Habilidades` (`IdHabilidad`, `IdPersona`, `IdConocimiento`, `IdCategoria`, `IdNivel`, `FechaUltimaModificacion`) VALUES ('46', '11', '11', '3', '3', '2014/10/01');
INSERT INTO `Habilidades` (`IdHabilidad`, `IdPersona`, `IdConocimiento`, `IdCategoria`, `IdNivel`, `FechaUltimaModificacion`) VALUES ('47', '11', '12', '3', '2', '2014/04/04');
INSERT INTO `Habilidades` (`IdHabilidad`, `IdPersona`, `IdConocimiento`, `IdCategoria`, `IdNivel`, `FechaUltimaModificacion`) VALUES ('48', '11', '13', '4', '3', '2014/10/01');
INSERT INTO `Habilidades` (`IdHabilidad`, `IdPersona`, `IdConocimiento`, `IdCategoria`, `IdNivel`, `FechaUltimaModificacion`) VALUES ('49', '11', '14', '4', '4', '2014/10/01');
INSERT INTO `Habilidades` (`IdHabilidad`, `IdPersona`, `IdConocimiento`, `IdCategoria`, `IdNivel`, `FechaUltimaModificacion`) VALUES ('50', '11', '21', '5', '5', '2014/04/04');
INSERT INTO `Habilidades` (`IdHabilidad`, `IdPersona`, `IdConocimiento`, `IdCategoria`, `IdNivel`, `FechaUltimaModificacion`, `Observaciones`) VALUES ('51', '1', '13', '4', '1', '2014/10/01', 'Con Certificacion');
INSERT INTO `Habilidades` (`IdHabilidad`, `IdPersona`, `IdConocimiento`, `IdCategoria`, `IdNivel`, `FechaUltimaModificacion`, `Observaciones`) VALUES ('52', '10', '14', '4', '1', '2013/08/12', 'Autodidacta');
INSERT INTO `Habilidades` (`IdHabilidad`, `IdPersona`, `IdConocimiento`, `IdCategoria`, `IdNivel`, `FechaUltimaModificacion`, `Observaciones`) VALUES ('53', '11', '16', '4', '4', '2014/10/01', 'Realizando formacion');
INSERT INTO `Habilidades` (`IdHabilidad`, `IdPersona`, `IdConocimiento`, `IdCategoria`, `IdNivel`, `FechaUltimaModificacion`, `Observaciones`) VALUES ('54', '11', '17', '4', '2', '2013/08/12', 'En uso actualmente');